Amount,Hour,Distance_From_Home,Is_Foreign,Is_Online,Class
60.38,5,0.2,0,0,0
113.52,21,0.6,0,0,0
143.4,18,5.6,0,0,0
92.31,9,3.8,0,0,0
62.76,19,1.1,0,0,0
55.01,10,8.6,0,1,0
69.77,16,1.8,0,0,0
139.69,13,3.7,1,0,0
672.76,1,46.4,1,0,0
372.07,22,138.4,0,1,1
8.64,14,6.3,0,0,0
130.76,13,1.0,0,0,0
285.1,21,37.8,1,1,0
118.12,13,1.9,0,1,0
180.52,0,149.3,0,0,0
127.6,10,1.7,0,0,0
988.65,1,132.1,0,1,1
84.84,11,29.4,0,0,0
101.13,16,3.6,0,1,0
42.3,14,1.8,0,0,0
845.55,0,176.9,1,1,1
435.61,22,167.8,1,0,1
28.5,13,8.1,0,1,0
33.61,9,0.8,0,1,0
27.48,15,11.2,1,1,0
917.95,0,66.7,1,1,1
304.82,23,56.2,1,0,1
32.42,17,13.7,0,0,0
90.34,16,7.2,0,0,0
15.75,20,16.7,0,1,0
178.74,11,1.1,0,1,1
104.97,15,3.3,0,0,0
110.3,11,11.4,0,0,0
97.67,22,10.9,1,1,0
55.29,15,2.2,0,0,0
5.27,9,1.8,0,0,0
89.48,19,9.8,0,0,0
57.22,14,3.6,0,0,0
52.84,16,1.2,0,0,0
89.78,18,8.9,0,0,0
153.94,10,10.9,0,1,0
79.39,18,10.8,0,1,0
64.08,23,75.5,1,1,1
67.76,6,0.7,0,0,0
213.74,2,166.8,0,0,0
41.49,15,8.3,0,1,0
95.75,15,2.8,0,1,0
84.25,11,6.6,0,0,0
57.61,14,1.4,0,1,0
18.91,19,3.0,0,0,0
144.81,20,1.4,0,0,0
119.02,17,0.4,0,1,0
34.19,9,2.1,0,0,0
72.74,14,2.0,0,0,0
30.24,13,2.8,0,0,0
123.03,1,52.3,0,0,0
38.3,14,1.5,0,0,0
65.97,19,3.0,0,1,0
36.02,9,4.8,0,0,0
14.37,16,2.4,0,0,0
83.85,17,4.0,0,1,1
129.15,15,5.3,0,1,0
47.58,15,0.3,1,0,0
211.66,2,216.0,1,1,1
484.26,21,106.5,1,0,0
286.68,0,113.9,1,1,0
263.64,3,388.1,1,1,1
71.26,20,7.3,0,1,0
104.28,16,2.4,0,0,0
23.71,19,2.3,0,0,0
514.8,0,87.2,1,0,0
44.92,15,12.8,0,0,0
101.09,18,4.5,0,0,0
57.31,12,7.8,0,1,0
56.72,9,12.4,1,0,0
37.97,16,1.9,0,0,0
68.5,16,0.1,0,0,0
291.92,16,12.6,0,0,0
323.14,15,6.0,0,0,1
476.87,4,113.5,1,1,1
36.39,21,4.0,0,0,0
33.85,8,16.4,0,0,0
508.67,0,260.6,0,1,1
40.63,14,12.9,0,0,0
58.95,14,4.6,0,0,0
288.64,2,143.6,1,1,0
99.1,14,4.7,0,0,0
75.89,14,4.4,0,1,0
133.3,22,0.0,0,1,0
358.41,1,109.6,1,0,0
42.36,15,12.3,0,1,0
456.49,4,136.9,1,1,1
69.59,11,3.4,0,1,0
89.18,14,2.0,0,0,0
137.22,15,8.7,0,0,0
29.48,9,2.5,0,0,0
13.34,11,5.3,0,0,0
17.32,12,1.9,0,0,0
64.88,17,1.5,0,1,0
72.56,12,0.5,0,0,0
137.62,18,7.3,0,0,0
76.67,15,3.6,0,0,0
25.61,10,12.8,0,1,0
85.66,17,1.7,0,1,0
119.32,16,0.2,0,1,0
36.59,15,5.1,0,1,0
113.78,13,5.7,1,0,0
213.02,15,3.3,0,0,0
196.12,18,7.0,0,1,0
55.17,14,1.6,0,1,0
36.13,15,2.7,0,0,0
283.69,21,206.9,0,1,0
144.89,9,9.1,0,1,0
75.91,8,1.6,0,1,0
945.09,4,220.9,1,1,1
34.74,15,32.7,0,0,0
105.86,8,1.6,0,0,0
46.02,14,13.7,0,0,0
15.05,16,2.0,0,0,0
87.14,9,0.6,0,0,0
255.73,19,2.3,0,0,0
32.37,11,6.3,0,1,0
71.24,13,8.9,0,1,0
155.82,13,3.5,0,0,0
45.26,11,5.5,0,0,0
95.43,12,4.1,0,0,0
34.01,11,24.6,0,0,0
17.2,11,0.5,0,0,0
96.96,16,3.4,1,0,0
26.98,18,1.0,0,0,0
48.69,19,4.7,0,0,0
424.45,22,34.2,0,0,0
281.94,1,56.9,1,1,1
61.03,2,1.4,0,0,0
38.36,11,0.4,0,0,0
51.14,23,4.3,0,0,0
66.04,10,5.2,0,0,0
112.53,18,10.5,0,1,0
52.71,12,13.0,0,1,0
61.29,11,2.3,1,0,0
8.56,10,6.4,0,1,0
65.72,11,1.7,0,0,0
41.58,17,0.8,0,0,1
82.97,16,1.7,0,1,0
191.09,13,0.6,0,0,0
26.22,13,6.1,0,0,0
77.36,14,8.5,0,0,0
6.14,22,3.5,0,1,0
63.48,15,6.6,0,0,0
97.13,11,1.3,0,0,0
114.67,18,1.6,0,0,0
31.8,8,6.5,0,0,0
184.5,14,4.6,0,0,0
40.21,14,1.7,0,1,0
336.57,0,47.4,0,1,1
94.1,8,3.4,0,0,0
55.29,8,1.1,0,1,0
251.13,18,9.5,0,0,0
103.11,15,15.2,1,0,0
17.03,11,0.6,0,0,0
25.25,15,3.6,0,0,0
87.73,11,0.2,0,0,0
39.81,10,4.4,0,0,0
137.51,18,6.4,0,1,0
145.32,0,80.6,0,0,0
185.81,22,143.5,0,1,1
60.87,15,0.6,0,0,0
98.79,16,0.4,0,0,0
136.65,10,3.4,0,0,1
104.48,18,9.7,0,0,0
51.94,11,4.5,0,0,0
26.53,11,20.0,0,0,0
284.45,2,100.5,1,0,1
78.34,16,13.0,0,0,0
94.21,14,5.2,0,0,0
83.83,19,3.4,0,1,0
214.98,7,0.8,0,0,0
56.76,11,7.2,1,0,0
60.92,15,16.2,0,0,0
19.66,12,18.9,0,0,0
111.31,14,1.9,0,1,0
59.36,9,2.6,0,0,0
14.26,7,7.8,0,0,0
15.04,9,2.0,0,0,0
504.42,1,105.0,1,1,1
7.24,21,13.3,1,0,0
46.96,18,2.6,0,0,0
65.31,15,4.3,0,0,0
84.76,19,4.3,0,1,0
59.13,16,18.9,0,0,0
2338.4,22,77.6,0,1,1
53.72,23,11.3,1,0,0
84.97,14,0.3,0,1,0
55.89,18,6.6,0,0,0
31.48,10,2.1,0,0,0
357.47,1,182.6,0,1,0
96.29,11,22.0,0,0,0
37.36,12,8.6,0,0,0
135.46,16,0.9,0,1,0
593.65,23,78.8,1,0,0
455.48,23,205.4,0,1,1
51.38,11,6.8,0,0,0
239.75,20,12.9,0,0,0
48.68,18,7.2,0,0,0
93.49,19,2.5,0,1,0
43.77,14,2.0,0,0,0
19.09,12,0.8,0,1,0
168.51,11,0.3,1,0,0
50.94,17,6.7,0,1,1
187.42,20,12.9,0,0,0
10.85,20,14.4,0,0,0
20.81,22,4.4,0,0,0
38.35,17,2.1,0,1,0
29.92,13,3.5,0,0,0
11.72,17,8.2,0,0,0
72.48,13,0.4,0,0,0
51.93,10,0.3,0,0,0
218.06,14,5.6,0,1,0
23.8,14,0.4,0,1,0
153.19,20,19.4,0,0,0
54.35,14,3.4,0,0,0
41.13,12,8.7,0,0,0
32.04,20,1.7,0,1,0
90.34,20,22.0,0,0,0
69.05,13,0.2,0,0,0
58.84,20,10.0,0,1,0
72.82,12,3.9,1,0,0
206.29,22,1.0,0,0,0
123.34,7,1.1,0,0,0
81.08,11,0.4,0,0,0
94.81,12,5.8,0,0,0
115.74,18,1.1,0,0,0
381.42,1,87.2,0,0,0
45.24,13,5.5,0,0,0
27.51,10,10.5,0,0,0
113.9,18,4.4,0,0,0
45.65,13,1.2,0,0,0
191.49,13,3.4,0,0,0
126.19,8,8.5,0,0,0
41.72,21,15.7,0,0,0
95.27,7,7.2,1,0,0
159.36,12,9.2,0,0,0
93.3,20,0.9,0,1,0
26.85,17,17.7,0,0,0
64.99,17,2.9,0,1,0
34.83,18,1.5,1,0,0
183.01,10,13.7,0,0,0
44.86,12,4.3,0,0,0
97.94,18,2.4,0,0,0
117.72,23,130.5,1,1,0
268.81,22,57.9,1,1,1
69.2,18,11.6,0,0,0
346.15,2,169.8,0,1,1
80.13,13,4.7,0,1,0
32.3,14,2.2,0,0,0
42.5,11,6.1,0,1,0
122.11,9,11.1,0,0,0
152.98,21,163.7,0,1,0
45.03,16,7.7,0,1,0
558.27,2,131.0,0,0,0
70.74,12,9.1,0,0,0
23.35,20,6.4,0,0,0
19.78,17,5.7,0,0,0
216.88,16,3.3,0,0,0
500.18,21,112.4,0,1,0
73.07,9,10.8,0,0,0
104.21,13,5.0,0,0,0
94.25,12,6.8,0,0,0
198.25,16,3.6,0,0,0
69.72,14,8.9,0,0,0
944.97,2,128.4,0,1,0
16.36,13,2.4,0,0,0
204.6,9,6.3,0,1,0
100.69,13,9.5,0,0,0
55.07,12,6.3,0,0,0
177.61,19,3.9,0,0,0
44.1,22,104.4,1,1,0
49.12,17,8.5,0,0,0
24.96,17,23.4,0,1,0
100.68,2,154.4,1,1,0
71.93,16,4.2,0,1,0
72.01,1,86.4,0,0,0
77.3,8,0.7,0,0,0
34.37,11,2.6,0,1,0
129.06,14,6.4,1,0,0
135.19,9,9.1,0,0,0
26.17,17,15.5,0,0,0
62.9,10,2.2,0,0,0
307.41,19,8.0,0,0,0
126.84,12,3.9,0,0,0
111.61,14,5.2,0,0,0
157.42,23,86.3,1,1,0
49.71,10,12.5,0,1,0
70.43,15,0.5,0,0,0
55.78,14,7.0,0,0,0
72.91,8,9.9,0,1,0
69.18,6,10.2,0,0,0
95.52,16,2.4,0,1,0
8.95,8,1.9,0,0,1
75.64,0,379.7,1,1,1
80.78,11,14.3,0,0,0
60.93,22,7.7,0,1,0
69.14,2,1.5,0,0,0
70.34,13,0.3,0,1,0
140.19,11,18.4,1,1,0
41.59,17,1.8,0,0,0
62.17,19,5.6,0,0,0
163.87,13,1.6,0,0,0
62.98,14,0.7,0,0,0
30.65,12,5.6,1,0,0
218.13,16,2.9,0,0,0
85.92,20,5.3,0,1,0
43.15,11,3.7,0,1,0
146.24,13,1.7,1,0,0
96.87,14,1.5,1,0,0
197.25,12,0.9,0,1,0
74.73,12,3.2,0,0,0
173.42,14,3.2,0,1,0
54.14,4,2.9,0,0,0
47.2,15,8.7,0,0,0
271.86,11,8.1,0,0,0
1037.73,0,91.8,1,1,1
64.83,13,3.5,0,1,0
316.77,23,95.6,1,0,1
62.9,11,2.3,0,1,0
38.54,8,2.9,0,1,0
21.17,21,2.8,0,1,0
156.81,15,8.9,0,0,0
84.85,12,6.9,0,0,0
178.4,13,3.7,0,0,0
16.73,14,1.2,0,0,0
174.61,14,7.5,0,1,0
127.25,19,3.6,0,0,0
45.6,14,7.2,0,0,0
82.26,16,6.9,0,1,0
74.1,1,68.9,1,1,0
102.22,16,5.4,0,0,0
135.88,20,11.8,0,1,0
33.03,14,2.3,0,0,0
36.16,21,3.0,0,1,0
43.97,16,3.4,0,0,0
96.92,12,2.2,0,1,0
257.71,1,76.5,0,1,1
77.43,16,3.2,0,0,0
65.59,13,3.2,0,0,0
164.09,10,4.4,0,0,0
276.03,4,150.5,1,0,1
94.17,11,5.5,0,0,0
121.49,21,7.2,0,1,0
16.89,14,15.5,0,1,0
17.78,13,8.6,0,0,0
83.86,14,8.0,0,0,0
185.99,9,4.5,0,1,0
63.84,16,5.7,0,0,0
119.67,16,7.9,0,0,0
129.82,17,16.1,0,0,0
30.2,11,5.7,0,0,0
17.22,22,1.4,1,1,0
89.64,11,5.3,0,1,0
39.4,19,9.0,0,1,0
27.94,16,2.0,0,0,0
17.39,12,3.5,0,1,0
67.32,15,7.3,0,0,0
47.22,11,3.4,0,0,0
52.39,10,4.6,0,0,0
37.46,23,3.9,1,0,0
194.65,23,56.0,0,0,0
51.21,13,9.6,0,1,0
45.18,14,4.1,1,1,0
88.29,20,2.5,0,0,0
52.3,17,0.2,0,0,0
9.63,12,9.9,0,0,0
148.0,16,19.2,0,0,0
28.96,11,3.4,0,0,0
31.35,20,3.2,0,0,0
27.74,8,5.0,0,1,0
20.02,18,6.1,0,0,0
108.28,20,0.5,0,0,0
58.68,11,7.4,0,0,0
45.15,7,2.6,0,0,0
96.96,12,17.7,0,0,0
18.55,19,1.3,0,1,1
79.96,14,0.1,0,0,0
122.53,23,6.9,0,1,0
1071.19,1,45.1,0,0,1
80.87,19,2.2,0,0,0
41.1,13,1.4,0,0,0
42.32,12,5.2,0,0,0
115.2,7,1.1,0,0,0
118.04,8,9.4,0,1,0
59.49,17,12.6,1,0,0
186.93,22,173.2,1,1,1
322.25,23,3.3,1,0,0
67.94,17,0.8,0,0,0
60.28,15,8.1,0,1,0
41.14,13,10.4,1,0,0
27.9,9,12.0,0,0,0
266.11,10,0.8,0,0,0
69.12,14,3.6,0,0,0
58.74,16,4.1,0,1,0
61.21,14,2.2,0,1,0
44.54,15,1.9,0,1,0
19.79,17,15.3,0,1,1
53.7,12,11.0,1,0,0
19.5,10,8.3,0,0,1
72.96,2,109.3,1,1,1
113.48,14,2.7,0,0,0
10.54,12,2.9,0,0,0
36.67,12,3.1,0,0,0
211.22,21,60.0,1,1,0
16.61,15,16.2,0,0,0
38.59,10,2.1,0,0,0
95.83,16,4.9,0,0,0
20.68,8,4.8,0,1,0
146.14,17,1.1,0,0,0
12.41,15,5.0,0,0,0
87.45,19,4.0,0,0,0
85.88,16,0.1,0,0,0
85.13,15,2.9,0,0,0
156.25,9,1.4,0,1,0
59.78,14,3.5,0,0,0
293.61,22,55.8,1,0,0
273.21,4,150.4,0,1,1
86.86,13,0.8,0,0,0
27.83,20,1.0,0,1,0
29.57,13,2.1,0,1,0
56.24,12,2.9,0,0,0
135.34,12,6.0,0,1,0
42.86,15,6.0,0,1,0
35.77,15,2.0,0,0,0
26.87,11,0.7,0,0,0
83.21,11,12.5,0,1,0
31.71,15,2.6,0,0,0
248.66,4,96.6,1,1,1
125.99,9,5.1,0,0,0
27.82,17,2.5,0,0,0
33.53,11,9.9,0,1,0
14.68,7,2.7,0,0,0
55.67,12,4.7,0,0,0
172.25,9,7.2,0,0,0
81.01,13,1.2,0,0,0
34.03,13,2.7,0,1,0
42.85,7,10.0,0,1,0
186.69,15,2.3,0,0,0
7.09,14,1.3,0,0,0
537.86,2,327.1,0,1,1
9.26,18,1.4,0,0,0
12.99,14,3.5,0,0,0
46.65,10,3.0,0,1,1
40.09,21,5.4,0,1,0
183.13,16,13.2,0,0,0
71.81,14,2.1,0,1,0
140.64,8,5.8,0,1,0
33.03,13,7.8,0,0,0
54.64,15,7.2,0,1,1
124.75,13,3.5,1,0,0
104.13,20,0.8,0,0,0
243.6,17,1.6,0,1,0
78.57,14,27.6,0,0,1
60.17,4,4.2,0,1,0
101.9,15,2.1,0,0,0
83.16,11,10.4,0,0,0
55.95,17,0.1,0,0,0
53.68,13,20.4,0,0,0
66.94,15,6.2,0,0,0
78.68,22,71.5,0,1,0
21.41,12,5.3,0,0,0
41.09,13,16.0,0,0,0
681.25,2,92.1,1,1,1
172.23,13,20.4,0,1,0
165.09,8,1.7,1,0,0
14.01,23,4.4,0,0,0
116.47,15,4.6,0,0,0
6.69,12,21.3,0,1,0
100.17,22,3.4,0,1,0
11.61,16,4.7,0,0,0
43.65,15,0.8,0,0,0
6.75,7,8.1,0,0,0
105.38,17,2.3,0,1,0
20.45,11,4.3,0,0,0
106.28,18,12.6,0,0,0
247.27,17,10.5,0,0,0
43.6,10,1.4,0,1,0
475.15,21,17.5,1,0,0
63.9,8,3.8,0,0,0
76.66,14,0.6,0,0,0
979.45,23,132.5,1,1,1
315.59,21,119.4,1,1,0
184.49,1,40.3,0,0,0
153.58,21,0.9,0,0,1
74.92,14,31.2,0,0,0
145.57,13,7.1,0,0,1
118.8,13,5.0,0,1,0
32.71,7,1.7,0,0,0
83.48,7,2.6,1,0,0
337.17,22,75.0,1,0,0
78.34,17,11.3,0,0,0
90.38,16,1.0,0,0,0
73.17,13,4.0,0,0,0
54.78,18,2.8,0,0,0
